time,scenario,mood,cost,allostatic_load,dopamine,dopamine_baseline,dopamine_receptor,serotonin,serotonin_baseline,serotonin_receptor,cortisol,cortisol_baseline,cortisol_receptor,adrenaline,adrenaline_baseline,adrenaline_receptor,oxytocin,oxytocin_baseline,oxytocin_receptor,norepinephrine,norepinephrine_baseline,norepinephrine_receptor,endorphins,endorphins_baseline,endorphins_receptor
0.0,baseline,calm,25.857072418596754,0.0,51.833703874177,49.99545266679633,0.7995908208488455,59.32269723926581,59.99503942785084,0.8995230443311013,29.89249507780988,29.990952849281573,0.6999011638390865,22.26365395667782,19.99530340496304,0.5999759017090918,39.94141301667825,39.99760198454787,0.8495380444832489,44.14143431290727,44.996326988563055,0.749681554548191,34.98386526687937,34.99735031369871,0.6996596886847161
0.5,baseline,calm,56.89341738835776,0.0,53.1444262954498,49.992648027797145,0.7991738783640477,58.60925322828603,59.989608116133425,0.89905447701671,29.24622606770274,29.981767837306975,0.6998045742311836,24.10732725816606,19.99059492596608,0.5999472649894635,40.82097003003855,39.99515768371135,0.8490816101595933,43.62894924726955,44.9918693296231,0.7493740620304111,34.62145610737231,34.99467563683341,0.6993233176285643
1.0,baseline,calm,72.02812078015567,0.0,54.045408691630605,49.991110971184824,0.7987530699144565,57.31293431640715,59.98312655113097,0.8985981086727358,29.793917663694586,29.97234465266389,0.6997111653837,24.283564937337562,19.986311522935427,0.5999121896357839,40.98914279356825,39.993476921855056,0.8486240336980836,43.508714941443834,44.987036349432806,0.7490735530362272,34.69923708245167,34.99189359803702,0.6989914475244957
1.5,baseline,calm,93.48832512563298,0.0,54.65093926111009,49.990259159206566,0.798332487388745,56.21329953965425,59.97539399614032,0.8981553509544289,29.1272971222528,29.963001609783063,0.6996180151438356,24.913792034979046,19.98155133021612,0.5998775424960833,41.04181924272429,39.992041338466215,0.8481695865909895,43.419754666744836,44.98223114582233,0.7487760465370907,34.42076110815037,34.98910893274574,0.6986632586786043
2.0,baseline,calm,99.93749846896371,0.0,55.99352266959144,49.99024768117668,0.7979112864184867,55.06512544275826,59.966609635189215,0.8977248833356396,29.529766034951276,29.953452967026934,0.6995277607731143,24.564481601593844,19.97734121265188,0.5998400369948955,41.88554730433693,39.990950913876105,0.8477174839805811,43.89720571797727,44.97730450552571,0.7484830161363436,34.656447537256085,34.985876633072834,0.6983420769358011
2.5,baseline,neutral,108.52790619881505,0.0,56.078444142341944,49.99125784185213,0.7974885311535833,54.39016754840142,59.956797507196086,0.8973065687153565,29.760673377340837,29.94426048979635,0.6994356193141964,25.13067782609705,19.973028552041878,0.5998044286143698,42.22732209440409,39.99040950175993,0.8472661437878009,43.603313192386544,44.97274855304145,0.7481896525906834,34.66106405523854,34.983121572857634,0.6980208389789069
3.0,baseline,neutral,130.46951096223435,0.0,57.180830278273845,49.992768297575886,0.7970675095546145,53.134203392386006,59.94621635166216,0.8968985398697203,29.69118578818461,29.935164140748725,0.6993437005423949,25.32697297743966,19.96876352684234,0.5997668896702515,42.32051949653429,39.99019542217817,0.8468173293948408,43.13763011496745,44.96790410830977,0.7479023195334693,34.901509768121066,34.98039160036262,0.6977029600075221
3.5,baseline,neutral,140.7938026920238,0.0,57.88117856090864,49.99512878987096,0.7966462343563526,52.70685843591166,59.934676769427945,0.8965021920418708,29.65962097291244,29.926082219418678,0.6992527396517665,25.35809204427838,19.964545463096062,0.5997288737472903,42.86396198700384,39.99010932311044,0.8463725350472048,43.04949166661209,44.962766046970586,0.7476209801053144,34.92368377474157,34.97776316816908,0.6973878402165725
4.0,baseline,neutral,140.8307047379564,0.0,57.37072244953263,49.9979105108477,0.796227248340119,52.40863843470176,59.922504844474815,0.89611506455619,29.850949971013545,29.917114656404085,0.699161919363548,25.427397544857236,19.960311346127963,0.5996911423334784,42.777276681244096,39.99063167484162,0.8459281741455416,42.71858469202168,44.957316325624376,0.747345888848591,35.30714071598019,34.975415514031326,0.6970741496407832
4.5,baseline,neutral,141.69220606159607,0.0,57.2630844904812,50.00024323957704,0.7958154149972392,52.01336349430486,59.91011892098572,0.8957339249416385,29.362530029723043,29.907842704347626,0.6990744667362232,25.4044659289851,19.956191403848432,0.59965336544622,42.48601458221081,39.99080240870995,0.8454913336657065,42.42344091394979,44.95168114003402,0.7470756404041258,34.90206692211898,34.97309866628623,0.6967636986671552
5.0,joy,neutral,161.01027750154358,0.0,62.07420189144543,50.004909054087776,0.795395982732651,49.95406503010362,59.89689845323071,0.8953635071409327,34.41452603597093,29.902269690934418,0.6989562671518816,18.75357308469175,19.957588222353735,0.5995926789581159,44.93759451916791,39.99210026742427,0.8450513911453587,48.229357543155345,44.94906772765421,0.7467803422647714,38.75861271845865,34.97293962220418,0.6964430311504444
5.5,joy,neutral,307.86993622671883,0.0,65.36883480388076,50.014161239479,0.7949590680514373,48.74227874031755,59.88175013219738,0.8950124845630821,35.72395859071158,29.900795021434057,0.6988027625881978,15.89819710581346,19.957895143576785,0.5995374937141091,47.080310625200816,39.9956164359731,0.8446012185707901,52.51368498100932,44.95188291375601,0.7464434019007734,41.75282283426004,34.976185643794125,0.6961057191182198
6.0,joy,neutral,412.36255637889883,0.0,67.04402068581356,50.02609623355439,0.7945155542229355,47.98512716470069,59.86557550998535,0.8946737879964695,35.88947674170189,29.900160122632048,0.6986432676484666,15.13197204256438,19.957848304188957,0.5994778975743504,49.46890602077246,40.001336422515855,0.8441423714816312,54.90713400561684,44.95833362293924,0.7460847911994684,42.694107447244335,34.98199011875822,0.6957594114985238
6.5,joy,joyful,499.6674064279464,0.0,67.84760442022902,50.03926088364912,0.7940720704010644,46.51136438819188,59.84830038588237,0.8943481109804927,35.744575324320735,29.899388187923755,0.6984866922758418,14.48756982703664,19.95776590074836,0.5994164149468248,51.29651936868339,40.00938786882843,0.8436753689191673,56.767156462894306,44.967231159111776,0.7457152786820268,43.71525218780861,34.98857710146796,0.6954133921130297
7.0,joy,joyful,580.0415063801946,0.0,69.04414586497681,50.053296292019205,0.793630242377366,45.66280011177877,59.82991076310803,0.894035587775383,36.13519270110925,29.898784782444988,0.698330238702633,14.04942207724656,19.957536679926037,0.5993545905415243,52.93191048159576,40.01906320942317,0.8432049875892916,57.7409183537196,44.977597473854416,0.745341508222982,44.698850570991915,34.99621312593861,0.6950667907349105
7.5,joy,joyful,644.6049843364724,0.0,70.11264019778503,50.068738483404964,0.7931882897159064,44.97958223539858,59.810685061226934,0.893733880125903,36.4076412142077,29.898395084512117,0.6981734945860167,13.892614869598429,19.957034116107202,0.5992945676094216,53.85175623652739,40.030296325515486,0.8427321390024871,58.90504530087423,44.98894783570613,0.7449666295855035,45.519022512100875,35.00472820050068,0.694720488491423
8.0,joy,joyful,672.3986850137659,0.0,69.77468816900243,50.08458662321466,0.7927497314586096,44.12670889250597,59.7907090903528,0.8934422365287206,36.176475550125474,29.898194882589085,0.6980166823464395,14.152822309845352,19.956686745025912,0.5992328119229564,55.242154660024234,40.04236275443441,0.8422606103017206,58.82503444828179,45.00104934123396,0.7445919566728552,45.743573632986426,35.01398373497282,0.6943751775227628
8.5,joy,joyful,717.8252712620165,0.0,69.73734474675317,50.10010189015255,0.7923171770145193,43.38305118954398,59.76980289685812,0.8931622503496004,35.937850525963405,29.897977565314545,0.6978616728736752,13.830360814753146,19.956477059518377,0.5991712835563002,56.766400315035064,40.055924901200136,0.8417876180426318,59.641325220526504,45.013118386474176,0.7442215278572467,45.72889088830095,35.02323605836328,0.6940336174530473
9.0,joy,joyful,755.2630451343475,0.0,70.64109967556043,50.115937969724186,0.7918883467191709,43.18647113312021,59.74845325221909,0.892889516102395,36.156299696489505,29.897476201678774,0.6977108557464472,13.834473700744034,19.95608800642001,0.5991109855339656,57.75011603530132,40.070858415006235,0.8413140405076799,59.873624788786245,45.02611479578167,0.7438506387243884,45.56083376337744,35.032627427407384,0.693695331864459
9.5,joy,motivated,802.4822927192208,0.0,70.7351888271922,50.132507796412504,0.7914617597799072,42.54135577797024,59.726956243243144,0.8926213256163067,35.29516952668615,29.896947890399083,0.6975618665287666,13.596295758166352,19.955796412068796,0.5990502628334663,59.17572968076034,40.08688700273923,0.8408413074015643,60.09149600888217,45.03938903122488,0.7434824811475185,46.152820293897875,35.04187008257501,0.6933613077612497
10.0,joy,joyful,822.7260724735406,0.0,70.69694739409898,50.148879091689,0.7910405241929133,42.30632675499071,59.70489175212172,0.8923614466940138,35.44852250578187,29.895955750952513,0.6974186371054686,13.261852892625846,19.95542403365028,0.598990026518593,60.02316275028131,40.10411146209205,0.8403691772906237,59.88188066118853,45.05248599936091,0.7431191058322877,46.109834729132814,35.05160465266141,0.6930291480420473
10.5,joy,motivated,832.9185452133025,0.0,70.8323889558617,50.165245868713626,0.790623966486262,41.651020229452186,59.68237929568432,0.8921087581766589,35.90823005911665,29.894979563263714,0.697276774576196,13.75804637145475,19.95466002489985,0.5989332293772593,60.096130071950014,40.12180926975568,0.8399004982775845,60.449702829369656,45.06558610682864,0.7427596958348556,46.09156532369723,35.06121759340257,0.6927010505218083
11.0,joy,motivated,863.4916120847965,0.0,70.25273771855046,50.18157623579517,0.7902121214541268,41.421976402433884,59.65956525055353,0.8918618458561635,35.745504168177774,29.894581169722287,0.6971311925433725,13.412540396153581,19.954570106331598,0.5988718169320393,61.457464803686705,40.14000989015521,0.8394352115423899,60.466860630264144,45.07905692820259,0.742402436963801,45.82325214580429,35.07060221831106,0.6923773332907782
11.5,joy,motivated,874.4214582758492,0.0,70.66617077063732,50.197727866977225,0.7898054717693833,41.08541187048328,59.63639580257235,0.891621178076803,35.52051029578174,29.893891120742268,0.6969897698754053,13.359307062047737,19.95427144167394,0.5988118214171085,61.871210212210066,40.15936075844468,0.8389709929218295,60.26425386360164,45.09255160956179,0.742048953343689,45.14147223274165,35.079748460864884,0.6920580385381244
12.0,joy,motivated,912.5841955300398,0.0,71.43423263946418,50.214156753187055,0.7894023759578096,40.51982455587976,59.61295226502446,0.8913859487462867,35.834933564044455,29.892876118446647,0.6968527698348035,13.141236407794306,19.953742798163766,0.5987547208213102,62.394221058702776,40.179087522591274,0.8385106363562976,60.55002347115429,45.105837977890225,0.7417002759872702,45.3780802560418,35.088472369499975,0.6917438637683396
12.5,joy,motivated,921.076487387843,0.0,71.63882679149997,50.231185586479455,0.7890017518577808,39.92008093764007,59.58912881396037,0.8911571002413277,35.481736412416176,29.89229304724573,0.6967133182783092,13.893457460082892,19.953298575045835,0.5986963335086646,62.235845946192555,40.19905725259093,0.8380545560260435,60.8598627880304,45.11947704324411,0.7413537723934667,45.332413973002296,35.09745476987364,0.6914321787096551
13.0,joy,motivated,923.4346231280916,0.0,71.69487137190818,50.24823750715504,0.7886054650860548,39.837717991097826,59.56480724245017,0.8909357042577528,35.82208402459487,29.891672278956392,0.6965756766655298,13.61367165692796,19.952862619932066,0.5986417112586658,62.76281755940191,40.21895553203194,0.8376037894639722,60.61806398695978,45.13330754023466,0.7410101494110028,44.87498019535224,35.10621417608658,0.6911246946840434
13.5,joy,motivated,931.5803077551238,0.0,71.4434586294724,50.265442440652805,0.7882130739964778,39.78107592056599,59.540338998534196,0.8907183974011877,36.056065849521076,29.891158871820487,0.6964385140622292,13.621352780491193,19.95237113505794,0.598587065701723,62.97516867592905,40.23934787667012,0.837156374677485,60.72259955240521,45.14672353732477,0.740672130066423,45.48519127801892,35.114755685894814,0.6908214553374008
14.0,joy,motivated,944.1719482543775,0.0,71.65818919710821,50.28235223156443,0.7878259649309816,40.16326161806587,59.5161206646401,0.8905013998447587,36.053616779067475,29.89068988913517,0.6963023923345042,13.620555392530282,19.95194712961636,0.5985322834932562,63.64778884872658,40.26010085192492,0.8367127530817825,60.084997265979084,45.15998487853406,0.7403384751406007,46.43733659833989,35.12409092767282,0.6905186693798284
14.5,joy,motivated,936.9148900113494,0.0,71.46060157796612,50.29936920328343,0.7874427768406905,40.16292883260555,59.49224666255496,0.8902838269172545,35.972510185660056,29.89009133483095,0.6961688680882787,13.82564015197693,19.951409526229003,0.5984793008938187,63.83610155449063,40.28130366871811,0.8362725921162377,60.18932739145121,45.17294112344372,0.740009884571444,46.12171787278556,35.134048822667,0.6902169165842962
15.0,stress,motivated,841.8648309518112,0.0,68.06350041239013,50.31449040920808,0.787070139869107,39.84243922056213,59.46814324399762,0.8900710643551122,36.163947617439966,29.889765218827904,0.6960343006959259,13.40664878842816,19.95117344836143,0.5984244591937433,63.24083319651356,40.302274404471845,0.8358380585044478,60.15848372518452,45.18609648936526,0.7396839463766939,42.414107384393965,35.14154963948133,0.6899275372371455
15.5,stress,motivated,790.3045179880614,0.0,65.44500414289014,50.326364860111454,0.7867134073733806,39.023345575201205,59.44356820438656,0.8898653617061157,36.24423698086538,29.889383804432597,0.6959016407876988,13.47728298540478,19.95086912705483,0.5983691235162452,62.12357793356776,40.32241353619147,0.835411073326066,60.958393330691344,45.199358446358815,0.7393610749830557,40.33422338720008,35.14567510075334,0.6896560235834867
16.0,stress,focused,737.2197550889525,0.0,63.50156821853687,50.335788076553705,0.7863704516777339,39.24439619491861,59.41848914099888,0.8896669717961401,36.495525699675184,29.889269185582137,0.6957679808463948,13.609885825074102,19.95052316941199,0.5983151181187883,61.3375209712364,40.341575775513896,0.8349921183820421,61.0492535126784,45.213243441579884,0.7390388592387,39.1686387569157,35.148053366179155,0.6893962714778217
16.5,stress,focused,723.883599166574,0.0,62.19927017394039,50.34356577569079,0.7860383708634794,38.847156553884474,59.39345959914107,0.8894705863278717,36.00247493320964,29.889072747621434,0.6956364529343745,13.157428031922912,19.95062580287834,0.598257356343755,60.9378834269556,40.35987237120521,0.834580820990034,60.55105895348848,45.2270930827147,0.7387202817273754,38.26615489848165,35.149169825595514,0.6891463264024842
17.0,stress,focused,697.5199750656316,0.0,61.660533893800604,50.350090382956616,0.7857156497173021,38.58547227880017,59.36807255789886,0.8892800571322877,36.32674200440119,29.888561028323792,0.6955091380116496,13.528144423222688,19.950173362263357,0.5982042590228509,60.16123571858508,40.37769584752656,0.8341757645216573,60.93029727643131,45.24068029398322,0.7384063690461236,37.111389850876655,35.14930995586686,0.6889048681065901
17.5,stress,focused,675.4900648368297,0.0,60.6063612457178,50.35586716075191,0.7854000190145363,38.64978343350843,59.34264108608985,0.889092338084015,36.391142683666935,29.888584466225264,0.6953783647339852,13.387512257404499,19.94987043447176,0.5981516993131258,59.71759914927208,40.394871463331995,0.8337775407315045,60.76805514431331,45.25427048227856,0.7380957978981482,36.34332683242835,35.14841962964691,0.6886724560792009
18.0,stress,focused,680.060662767697,0.0,59.75747245668387,50.360828457468195,0.785091802587573,38.06075083124649,59.31715141071964,0.8889075414700982,35.98049952723942,29.888333704085426,0.6952514141639393,13.13516981423227,19.94960429252224,0.5980986712143677,59.50369369071657,40.411781724344316,0.8333847039133914,60.83524485134198,45.26787796753979,0.7377885356756945,36.17005103024348,35.14696810311228,0.6884462381959042
18.5,stress,focused,678.6138474568793,0.0,58.68457366270142,50.36479479583485,0.7847919636281534,37.672511505439594,59.29128378710527,0.8887286971039515,35.718017093685155,29.887969675258546,0.6951268151105121,12.995484927471143,19.949457035990225,0.5980437916109687,59.4296005008361,40.42833223170533,0.8329975465224433,60.46204469288728,45.28127060922771,0.7374855394263413,35.31345395577728,35.14514133784094,0.6882250379339392
19.0,stress,focused,679.6826618762362,0.0,58.045146820443044,50.367803337295996,0.784500380887861,37.6296125619798,59.264952472082385,0.8885566006398635,36.19232718704017,29.887443591533966,0.6950049794338673,12.901947443840022,19.949174265921208,0.5979903320676913,59.347308346936245,40.4448633897605,0.8326147444265397,60.92075824025265,45.29461280215003,0.7371860906115594,35.42652924560631,35.142823851749185,0.6880096195795856
19.5,stress,focused,657.3681304750486,0.0,57.76424232669351,50.370124177526385,0.7842156778821207,37.41467120323679,59.23850225393366,0.8883878676035413,36.915222494936295,29.887481432196928,0.6948793793347082,13.132208762749038,19.948681937513044,0.5979392874902475,58.22978456479711,40.46094907760748,0.8322378478509743,60.79534227707878,45.30839271753816,0.736887923048575,35.20861353294538,35.14048233991934,0.6877967501115135
20.0,stress,focused,636.524764098459,0.0,57.998144709953195,50.37239910517435,0.7839343563755959,37.45236353812495,59.21189763146381,0.8882228050189456,36.36471093043538,29.88777274260058,0.694752817977469,13.751332439186335,19.94819850044049,0.5978896954682679,57.848199266088486,40.476106216337094,0.8318686881494911,60.89130495836771,45.32171088999475,0.7365950082085392,35.057003238811,35.13802183492332,0.687587061383061
20.5,stress,focused,643.75035739569,0.0,58.16855327748577,50.37482937127394,0.783655301341829,37.50569044302282,59.18536529611038,0.888059179065314,35.925273641255345,29.887184544024258,0.6946354542153516,13.536244346515101,19.948061852654693,0.5978395271531115,57.97130266375203,40.490992899272975,0.831504670001642,61.26390106458828,45.335444277006765,0.736303447293242,34.728025748952106,35.135338212553556,0.687381262799261
21.0,stress,focused,639.2744483067373,0.0,57.8100463356486,50.37740694418994,0.7833785349969542,37.201921174224346,59.15904421946846,0.8878956240189569,35.65985505806687,29.886582114456942,0.6945194525104535,13.956336337067253,19.947803878224285,0.5977902715159203,58.21912476395273,40.50602356061666,0.8311441059180766,60.92032168539012,45.3492069203593,0.736014871504976,35.009384321656654,35.13243991520925,0.6871792705750063
21.5,stress,focused,630.1921759778875,0.0,57.906648828984544,50.37970648543271,0.783106306406716,37.30706973102485,59.13270387298675,0.8877343690114654,35.82498288882084,29.885834999746983,0.6944059691932336,13.326265882799838,19.947580237166633,0.5977429386866803,57.64929078532884,40.520977470482606,0.8307878183540935,60.710666128718344,45.36269466199167,0.7357306423966496,35.30904979758939,35.12980728197962,0.6869776273759766
22.0,stress,focused,632.4898946050201,0.0,58.18523267886098,50.38206852530635,0.7828367427937074,37.315314148284365,59.10633510982778,0.887575483620915,36.286521077358906,29.885224348881934,0.694292460378904,13.929033423352333,19.947057681578617,0.5976966440813682,57.848753317616485,40.535481220983314,0.8304372407321783,61.08150801292099,45.37624637511926,0.7354492401248561,35.54353931861403,35.12758071613703,0.6867753875800663
22.5,stress,focused,630.001296874605,0.0,58.296017241324456,50.384772334626405,0.7825683290752129,36.35021362334629,59.07972410863455,0.8874210252101548,36.61395690171798,29.88511630081246,0.6941756524522943,13.962476016643803,19.94656078479639,0.5976531302553056,56.946296124568555,40.550012215385486,0.8300904214471428,60.65993260079836,45.38973221970791,0.7351711189984034,36.05433855082611,35.12580712104894,0.6865723212924818
23.0,stress,focused,640.8988048331418,0.0,58.188835242671814,50.38752477524391,0.7823026148749704,36.21567235178834,59.05253919143996,0.8872741704033817,36.05630568448266,29.884926538688024,0.6940607960248372,13.77906185582573,19.94629934224586,0.5976076538022991,57.471737243701384,40.56393256546901,0.8297498805560619,60.49318969230075,45.40293346627048,0.734897287448122,35.8531344386629,35.12417316655069,0.686370541490921
23.5,stress,focused,647.1994916282886,0.0,58.462624041218795,50.39035304753711,0.7820394297991281,36.22835405184219,59.02516928383119,0.887131079774324,35.86987955250948,29.88460154524317,0.6939483566329967,13.683530087968172,19.94593622700774,0.5975629753919888,57.80863327396867,40.57825805359885,0.829411461095161,60.42458573539028,45.41611736667818,0.7346265118045302,35.268460132783034,35.12215901998179,0.6861735540841046
24.0,stress,focused,660.2164392402452,0.0,58.19837890553315,50.393236623790614,0.7817788500996566,35.7919515378987,58.997604368243955,0.8869918253926774,36.44249635070165,29.884307335643527,0.6938368274756161,13.772008483656979,19.945748213485906,0.5975164495784232,57.7496032871165,40.59287545849279,0.8290756140900162,60.55962947797028,45.42911004791366,0.734359504590723,35.39468028466608,35.11978925840058,0.685981175300639
24.5,stress,focused,639.3335981947112,0.0,58.19695510414679,50.39571244436807,0.7815232962152588,36.29035034601203,58.96995809559003,0.8868552378331638,36.58327558281936,29.88431878790264,0.6937237374019171,14.114636382848367,19.94534091346849,0.5974731603967387,58.14628233600606,40.60759685154662,0.8287430652651224,60.08514612401017,45.44210988790857,0.7340953325112338,35.61699425379919,35.117489660258734,0.6857904398124122
25.0,exercise,focused,944.0669842322155,0.0,58.4443162150795,50.39829190709212,0.781270003933568,41.05777615409522,58.94523344527608,0.88669257211774,37.811303966534965,29.885693740616674,0.6935998400917217,10.381441460079625,19.94805752299696,0.5973987890982281,58.120527183692246,40.622508203438976,0.8284134336964261,62.52078998673205,45.45606743516178,0.7338301345552255,55.29206580611436,35.12739611707216,0.6855555716493725
25.5,exercise,focused,691.6133903990902,0.0,58.54322381181456,50.399715346269346,0.7811436993333193,40.91851962016576,58.93405340826917,0.8866007896731682,36.22075286201359,29.885935139488684,0.6935422765135195,25.623419410978705,19.942037200584753,0.5974104245597394,57.6740886256542,40.62985158587824,0.8282504203567693,60.830756712028396,45.463235779578774,0.7336976095650233,52.31100422282398,35.13619660288741,0.6854212000360013
26.0,exercise,focused,845.9769481175941,0.0,59.19295654012163,50.40289533493424,0.7808914448526798,44.63935044227816,58.913621472098896,0.8864017270223505,37.36195319833684,29.887089685328498,0.6934222231225274,16.013893927231933,19.946039480680863,0.5973488931252304,57.10194309566389,40.644139235677144,0.827928660287168,63.04411169609391,45.47782512537933,0.7334339777221339,61.47502377373548,35.15824901084559,0.6851482272924763
26.5,exercise,focused,678.3570236133286,0.0,59.01146085597442,50.4046896417031,0.7807653070728738,43.55162126850512,58.904255931215964,0.8862954726150652,35.606189531765025,29.88710536288417,0.6933675992646747,22.51348578750408,19.942836898033967,0.5973546580991338,56.88553695078455,40.650957102798216,0.8277704217428391,61.404210408085554,45.48523881238334,0.7333025657688304,57.186441316241414,35.170117835974324,0.6850101643642134
27.0,exercise,focused,934.0165682349588,0.0,59.258452049149206,50.408124354914015,0.780515899978534,46.94113827079158,58.88652867168775,0.8860765243901921,37.23558099253701,29.88781264914001,0.6932533239603619,13.823113651025338,19.94657435944677,0.5972936904415345,56.85347520965406,40.66436887110256,0.8274574709428587,63.283800574226184,45.500272848508416,0.7330413160698419,64.16467883020736,35.19573371852331,0.6847347531486598
27.5,exercise,focused,720.7269494346874,0.0,58.99726146999532,50.409947487672405,0.7803916860872426,46.22793089702575,58.87833434431938,0.885962233490405,35.690796108467865,29.88776459942597,0.693200151887776,23.69650988772966,19.9422759855027,0.5973029850027854,56.987297522404894,40.67104733205406,0.8273024013898055,61.85236323751215,45.507789544159145,0.7329116027585514,59.417127280838486,35.20891925764952,0.6845969397118984
28.0,exercise,focused,912.3690272252686,0.0,59.26939704240366,50.41340238809833,0.7801462832533402,49.18867686774165,58.86310770340072,0.8857263415336241,36.89786620978993,29.888239713820294,0.6930896388009912,14.822951499430582,19.94607651737246,0.5972433586867744,56.94441255774313,40.68476385437051,0.8269933647308706,63.15684801481743,45.522962156715685,0.7326539203143733,65.09714574935244,35.2361798870747,0.6843233788622959
28.5,exercise,focused,703.0344196540046,0.0,59.069770164762254,50.41522703482846,0.7800240994643974,48.274867730398064,58.85605471105704,0.8856047903147415,35.29500496250386,29.888022487502163,0.6930388359977605,23.064755506644648,19.942278435734146,0.5972515830105123,56.292148959285136,40.6914724877586,0.8268407299675953,61.96988709689143,45.530398359105554,0.7325266313718415,60.56154986513326,35.24980132503407,0.6841872216615476
29.0,exercise,focused,901.908774057459,0.0,58.83011837767815,50.41864103038644,0.7797829469614391,50.13667130935475,58.8425715203048,0.8853590240537846,37.59199679807305,29.888640751927106,0.6929288099313836,14.163762669092737,19.946171893466367,0.5971907554303262,56.277851575106,40.70443996170771,0.8265398279145413,63.30769307759082,45.54554943255548,0.7322731593271145,64.7736350623865,35.277523681430914,0.683917303141973
29.5,exercise,focused,685.8841637573483,0.0,58.840326913799274,50.42024210880249,0.7796639112079654,49.54620371607831,58.83600792731925,0.8852357288589593,35.987465831549606,29.888770291240075,0.6928757516244728,23.59825814478364,19.942044145880814,0.5972001442412338,55.977872053247005,40.71080055752399,0.8263911313506686,61.73938250457765,45.55304411701986,0.7321476872738947,60.43862918869735,35.29095235620103,0.6837836555344843
30.0,exercise,focused,887.3483863756434,0.0,58.45037722718675,50.423296656246414,0.7794285705112054,51.596158937789674,58.82394647206213,0.8849832241101009,37.54884157451521,29.8895428343359,0.6927660048976926,14.741684450340227,19.94579885522427,0.5971419630772067,55.90804945317215,40.723399695523874,0.826096702417393,63.45576589817384,45.568260680188104,0.7318981274160837,65.45529326987831,35.31880934580186,0.6835180988843488
30.5,exercise,focused,662.0388034600353,0.0,58.150039758230534,50.42470437236782,0.7793124928606261,50.796706841706516,58.81812659167698,0.8848563583608745,36.31241834242681,29.88965012062057,0.692713994446863,23.350087626902972,19.941960348308022,0.5971508134452422,55.39969054890944,40.72956117047882,0.8259512847342062,61.66596631844652,45.57581236762705,0.7317744484520519,60.579921002941816,35.332547885427445,0.6833862282438516
31.0,exercise,focused,888.0149678497542,0.0,57.74531162741453,50.42715431048099,0.7790841736622292,52.075702251130004,58.8070405959179,0.8846007515714273,37.87293249835423,29.89081937726961,0.6926024547124214,14.444715106656654,19.94589090137409,0.5970909776599338,55.13712414080472,40.74157371970217,0.8256641672584248,63.678760234911024,45.5907880410409,0.7315298448784983,65.65804406507716,35.36060345037587,0.6831248137608089
31.5,exercise,focused,647.0858199759056,0.0,57.48012111021617,50.428206600561836,0.778971876970018,51.126987314245405,58.80147316659652,0.8844741652504438,36.14261698612374,29.891087752784035,0.6925498614270093,23.023112732875042,19.941903840751387,0.597100497092929,54.43880265135528,40.747336101482794,0.8255228453106207,61.72600754069051,45.598434330127574,0.7314077731918599,60.851321572977206,35.374412019820625,0.6829950196450716
32.0,exercise,focused,863.0176112442939,0.0,57.96741985900194,50.43014648155515,0.7787500219011002,53.124093993059844,58.79066512771478,0.884220821819467,37.66658499325776,29.89226083375445,0.6924400180029292,14.75426243152149,19.945618558210878,0.5970430975219672,55.21684867957107,40.75841831404735,0.8252444721208694,63.50119944157405,45.61365609606763,0.7311661879628493,65.29802140660664,35.402348401751624,0.6827379637678823
32.5,exercise,focused,628.3499916781346,0.0,58.15042760455959,50.431307581623486,0.7786389896865562,52.0660113169039,58.785634175865525,0.8840924241257201,35.49989980716794,29.89242495562874,0.6923891964212326,22.901985378516596,19.941786475507982,0.5970524260046043,54.45110970768306,40.7642079246516,0.8251053426639039,61.91594886519136,45.621196453716365,0.7310465050050902,60.33114106627801,35.41594565115361,0.6826105892600725
33.0,exercise,focused,829.8622909339263,0.0,58.079657050113134,50.43397279716613,0.7784169542833499,53.206399897605806,58.77581478162106,0.8838361522643683,37.44246632023666,29.89298048017391,0.6922864476223743,14.854880818383556,19.945437428231745,0.5969960499332707,53.829788349118786,40.775054908228554,0.824832587361327,63.7730766216228,45.63652070008481,0.7308083794782402,64.72246831895278,35.44345086918187,0.6823584025961793
33.5,exercise,focused,619.1481712553312,0.0,58.05651373719159,50.43518714609331,0.778307475981121,52.03618369197757,58.770836120483644,0.8837095570427475,35.928856520283475,29.89303200421141,0.6922374305171706,23.148108856278746,19.94165579056976,0.5970054689009329,53.63815850824429,40.78013851122194,0.8246988675846955,62.506601432038686,45.644179847870554,0.7306901493786969,60.12930542569175,35.456729515189465,0.6822335599165703
34.0,exercise,focused,875.9382102601323,0.0,58.24449219270584,50.43750044963149,0.7780909385003301,53.54045133132477,58.76103799006718,0.883457474667014,37.733511291484184,29.893847606277248,0.6921339607205935,14.346601412817297,19.94549918560691,0.5969478230693406,54.11115395474064,40.79035598873185,0.8244334040541031,64.12506489191732,45.65988524918588,0.7304542986387117,65.87136000681718,35.48435578742298,0.6819854841787237
34.5,exercise,focused,644.6072172601416,0.0,57.67172689323662,50.43879457039062,0.7779828383215139,52.45355446845662,58.756237437240294,0.8833317344821697,36.09112855771057,29.89404400372007,0.6920844503049591,23.31645023818924,19.941463361924114,0.5969581920708624,53.91953638074331,40.79556879871767,0.8243012923740315,62.54797613406088,45.667702867694956,0.7303373506085072,60.97931943552968,35.49817820058582,0.6818619588561776
35.0,relax,joyful,403.3624576373775,0.0,58.01246503375943,50.440814717957714,0.7777714268169325,51.93977474495299,58.74576660501386,0.8830887443070009,31.84800419850268,29.88980822441602,0.6920270762892438,24.337973098195484,19.93695076353489,0.5969565238049311,54.126822128734354,40.805813966946005,0.8240400586894093,56.52200583069681,45.6789280759279,0.7301252229847467,52.81014806025548,35.51870671027787,0.6816283523065537
35.5,relax,neutral,300.3686671551462,0.0,57.81810010217053,50.443145486764784,0.7775606925324212,50.69048558671017,58.73456412922565,0.8828539514886041,30.14242943874088,29.882357991155608,0.6919981027442462,24.784906624895893,19.932554552561758,0.5969511018795708,53.38920431891659,40.81620283704873,0.8237810399254456,52.53185354452401,45.684668690436,0.729944538319816,47.50183805074047,35.531760234339636,0.681414196629592
36.0,relax,neutral,255.03832434840075,0.0,57.13525851258756,50.44505069474407,0.777354547061802,49.77978515914144,58.72228841016119,0.8826299568144116,29.67559756186705,29.87378581975514,0.6919789534353938,25.08939287824554,19.92806443822247,0.5969441489199685,52.67428229872405,40.825757692807564,0.8235286728855972,49.242563097054244,45.68687324642514,0.7297884379224806,44.41855223149253,35.53994405120754,0.6812176472369887
36.5,relax,neutral,240.13901630636548,0.0,57.80716763123662,50.4467182149533,0.7771519406687122,49.54077612776589,58.709122940127166,0.8824154018918747,29.750849948728426,29.86474940388094,0.6919638597739902,25.359522445485638,19.923650250533303,0.596935957150828,52.50607544912821,40.83464629762887,0.8232821990330765,47.60696257544782,45.686076005796615,0.7296559894387222,41.56025787948731,35.54516099793785,0.6810348330016238
37.0,relax,neutral,227.09081707648306,0.0,57.92292551610756,50.448857087012236,0.776949040407936,49.11786193329966,58.695898454426924,0.8822037909652468,29.297245204596074,29.855606911446745,0.691949816094737,25.001198256560592,19.91939342562877,0.59692655860695,52.39968793584746,40.84344517735987,0.8230388513063857,45.94295081508446,45.683858993472,0.7295362510493312,39.670521490436734,35.547823268964265,0.6808656519139584
37.5,relax,neutral,240.36252479989653,0.0,57.93211356344218,50.45095294988902,0.7767486037630394,47.626903187641055,58.681867892804284,0.8820009635432997,29.67377599783935,29.846176915965476,0.6919383702201753,25.20710963918184,19.915140902160104,0.5969187126182541,52.45289061434203,40.85220074739225,0.8227983755032467,45.90901587395126,45.68025876128484,0.7294293592179149,38.21167788123291,35.549036837944186,0.6807057036414927
38.0,relax,neutral,238.49727934032222,0.0,58.27786343682692,50.453205948430536,0.7765495353860228,47.74508035107145,58.666725779530026,0.8818093938669618,29.29206625459939,29.837046679243333,0.6919247340234261,25.394703438250595,19.91074561406135,0.5969102962287585,52.123349695093296,40.86077253798479,0.8225614137277663,45.18546911401136,45.676523738768424,0.7293248676664059,37.09876032730129,35.54848858019011,0.6805574628483667
38.5,relax,neutral,237.50348735064406,0.0,58.234393456832265,50.45585703594998,0.7763505698153442,47.532824367865665,58.651639553102434,0.8816196264819389,29.938610531132337,29.827847573565034,0.6919119905358637,25.33140481827966,19.906453886454102,0.5969010753768595,51.9259394484268,40.869162654750966,0.822327917799412,44.73441755311583,45.67221207252193,0.7292265380235158,36.339652708936306,35.54716099195435,0.6804155398774857
39.0,relax,neutral,237.26438027784596,0.0,58.095864740395854,50.458407089445444,0.7761543158171756,47.279707288010485,58.636443999859935,0.8814329795308966,30.076511991024585,29.81892562988949,0.6918971450946725,25.396420257618168,19.902187166677425,0.5968921884647783,51.69619547105034,40.87711027139753,0.8220991352542649,44.335560324064176,45.66747405442128,0.7291331017784249,35.62383084442948,35.54481933978293,0.6802816794152529
39.5,relax,neutral,233.8327847408914,0.0,57.903264422751576,50.46063275051534,0.7759619234203322,46.69214753085628,58.620963069828015,0.8812508514033502,29.90713303384538,29.81017217110884,0.6918812080143207,24.920447786446225,19.898108472271716,0.5968828982386535,51.71763441262129,40.884952172191824,0.8218733715236722,44.55359104028432,45.66249601522918,0.7290428466730696,35.225982684874616,35.54194726192549,0.6801528213295851
40.0,relax,neutral,249.06182310743134,0.0,58.463991118209,50.46298493853273,0.7757709748060768,46.32498432790026,58.60477765509582,0.8810766542884861,29.958347278714616,29.801623211264232,0.6918639905733259,25.58898121735747,19.893588011282233,0.5968761892531148,51.403083802209174,40.89284326854798,0.8216498357975789,44.28350850488046,45.65758085836197,0.7289531123937044,35.271763269206296,35.538837011910104,0.6800270149451617
40.5,relax,neutral,257.80056746695055,0.0,58.73785003801315,50.465946705519045,0.7755789635789656,46.31267569427749,58.588496731163715,0.8809053279510694,29.69788922047671,29.792845078294107,0.6918488246595519,25.739521537855758,19.88923767902899,0.5968665876251089,51.44639060636102,40.90061107549729,0.8214293528685097,44.10477531787988,45.65228340639726,0.7288679018730345,35.44991817100494,35.53575638264308,0.6799024125174199
41.0,relax,neutral,245.1579634921558,0.0,58.177202521895715,50.468853716183936,0.7753893418623204,46.750520203304056,58.57236537113231,0.880734822570319,30.030042542781732,29.783971526240208,0.6918347368712731,25.450113325335643,19.884939566364782,0.5968563903786749,51.397091656524694,40.908259094531275,0.8212118700477419,43.49856606471342,45.64677788561766,0.7287855905614923,35.69456592159808,35.53282828644321,0.6797781643126714
41.5,relax,neutral,237.62297514060865,0.0,57.645866082529835,50.47119393411371,0.7752047396586674,46.092706059596566,58.55640318343267,0.8805649569839605,29.670659499807538,29.775314881326107,0.6918191109784328,25.29508554713813,19.88082649587314,0.5968473169128636,50.9105867512534,40.91580836708854,0.8209972540875534,43.07565235227417,45.640645516159346,0.7287100360581452,35.16123691657077,35.530042735211175,0.679654347058387
42.0,relax,neutral,242.8007088429997,0.0,58.17026896736436,50.47319813021509,0.7750239309050032,45.16753830288365,58.539614270305755,0.8804039699898902,29.402421839942292,29.766225987067347,0.6918071938737185,24.763814896849897,19.876744639467965,0.5968389397798349,50.623187755071186,40.92290061082103,0.8207872680331212,42.685284212903724,45.63428777856515,0.728637427463169,35.32296014748489,35.52693275977766,0.6795341057857394
42.5,relax,neutral,232.9278650233123,0.0,58.24334502442149,50.475672821511594,0.7748426384457919,45.608917122312334,58.522344912868284,0.880248956662616,29.145038657250282,29.75688772328529,0.6917974918077281,24.844070095944957,19.872532911737693,0.5968329455016343,50.39260164123403,40.929644003895525,0.8205813469665599,42.79137796266823,45.62788904972606,0.7285659919695168,35.57001188959353,35.523860307164654,0.6794149570500415
43.0,relax,neutral,242.51958025003935,0.0,58.43155655442243,50.478221941422284,0.7746629490189335,45.01368834232808,58.505134933259875,0.8800953287996957,29.441345955347572,29.747512216748426,0.6917883664631104,24.921936241489707,19.868351206517715,0.596826665548279,50.26688093148436,40.936298848044665,0.8203781303441178,43.23235671261221,45.62131233847904,0.7284971594825232,35.21588044018719,35.520929075301716,0.6792961878055445
43.5,relax,neutral,233.9544040592277,0.0,58.691307333574855,50.48108400165698,0.7744836177463998,45.297648261991505,58.487658599300076,0.8799458169769461,29.560208668547187,29.73826065917959,0.6917783995971771,24.660464808877098,19.864275095365254,0.5968200048649256,50.09200452422494,40.94259781015913,0.8201789680581411,43.318583848395804,45.6151930534437,0.7284248682379956,35.40272556109815,35.517742024094495,0.6791804870522326
44.0,relax,neutral,252.62207740733555,0.0,59.07451779661308,50.48405998969267,0.7743056696527426,45.00293555751404,58.470355212872406,0.8797966751990707,29.663739300348052,29.729270212191096,0.6917666092587771,25.310547415018338,19.859716712259047,0.5968150772333617,49.98209178499544,40.948795255022766,0.819982508577044,43.21056922414292,45.60911106817718,0.7283531094577681,35.82574787748618,35.5150263785624,0.6790628781417983
44.5,relax,neutral,250.75753046443234,0.0,58.89785319497197,50.48741889590298,0.7741277319351273,44.894407658877896,58.45297465531635,0.8796500110701113,29.792151242446465,29.72031248899865,0.6917547578864428,25.306517075283168,19.855523839776577,0.5968071411815656,49.79263430815457,40.954965120106266,0.8197883399632719,43.35136032159272,45.60293906251626,0.7282830440472786,35.94573012565708,35.51279322987973,0.6789433962019001
45.0,social,neutral,209.75965061606698,0.0,59.718189005532466,50.49111803446945,0.7739500620515388,44.1589576547477,58.43512733830798,0.8795091009094449,32.26835239950659,29.71399520600026,0.691721362618865,20.95515954588783,19.854599310522012,0.5967906740756659,51.16477717720736,40.961559460298936,0.8195941499456477,46.643311789639405,45.59890807074015,0.7281944533376824,38.672719667319654,35.512267442145394,0.6788151685027228
45.5,social,neutral,245.52211402583148,0.0,60.59160646084103,50.49569792749119,0.7737700386820233,43.586341487997096,58.41639960949948,0.8793774903847068,32.70252790273594,29.7093898836838,0.6916736572533969,19.312338315480858,19.853007190430574,0.5967840099174795,52.33376635468279,40.96950927644774,0.819395331079157,48.29813697038916,45.59762753828431,0.7280838525010391,40.856015431146396,35.514198362145386,0.6786746358980412
46.0,social,neutral,292.0155315616029,0.0,61.02375108264753,50.50105507683772,0.7735882916651561,42.70317673737086,58.39722735441091,0.8792513863313594,34.02522980171245,29.70556069904705,0.6916196702746537,19.20947063623598,19.851065011417397,0.5967793646824424,53.45047636178248,40.97861544335958,0.819193200639878,49.865953425534975,45.59809217240652,0.7279610817316128,41.809145284474596,35.51798052498916,0.678526504696793
46.5,social,neutral,333.6293735181849,0.0,61.36993810332129,50.50677412133549,0.7734068450441656,41.74570953144471,58.37712099682282,0.8791350848811536,33.53230028614774,29.70263838212587,0.691558288762749,19.022645384819615,19.848887244204022,0.5967763688256552,54.4386692916368,40.98872785103249,0.8189886923763751,51.32914751146853,45.60002511276851,0.7278290352758418,42.69932747793935,35.522579599266,0.6783762728887917
47.0,social,neutral,372.5276967555815,0.0,61.9297639211566,50.51272316776246,0.7732263166141812,40.37422580856919,58.35586920833367,0.8790305292684492,33.43878154617547,29.699190640339516,0.6915022385782931,18.937940952526354,19.84659795752912,0.5967740701324883,54.85288500579837,40.999637008447316,0.8187829050274724,51.677908937695626,45.60301641530888,0.7276911277372611,42.89397322415746,35.52814667886301,0.6782235627541986
47.5,social,neutral,417.7676611125423,0.0,62.005660201884226,50.519255483456355,0.7730451245519697,38.89751780771621,58.333360398970385,0.8789387938310357,33.511666400466744,29.695582479205413,0.6914482347891617,19.51388490349527,19.844266959856714,0.5967720456767293,55.52010039926218,41.01101136438876,0.8185773742806571,51.96044331786491,45.60630062093035,0.7275527469887132,43.89617285493269,35.53392613678052,0.6780716384690098
48.0,social,neutral,450.2307621155933,0.0,62.19486977418781,50.52575164313152,0.7728660628112712,38.20640454266969,58.309534851076705,0.8788605243414906,33.545062976697075,29.692098039261197,0.6913937454022224,19.223722681559448,19.84214310836645,0.5967689888803744,56.03648089464566,41.02317136280931,0.8183708153555747,52.71654875770705,45.610048113735665,0.7274128104551666,44.412617005669446,35.54067879745734,0.6779174805384177
48.5,social,neutral,472.7262080257801,0.0,62.06802316429105,50.53248649085265,0.7726878918244298,37.876459513214016,58.285299036324304,0.8787872532942056,33.54567012508608,29.688926404928942,0.6913370932129406,18.98788648574527,19.839832520525874,0.596767096377647,56.943388675985226,41.03589994926863,0.818164201627346,53.2567630418479,45.61462615125676,0.7272690677258707,44.49886660892253,35.54754481040047,0.6777644742920782
49.0,social,neutral,495.3538121916941,0.0,62.69202808362732,50.539251867114054,0.7725115342375447,37.556102804496405,58.26060850128949,0.8787193878417895,33.57142703383121,29.685423800577322,0.6912840071785255,19.25636355593842,19.8377799817908,0.5967632993072158,57.640368867282355,41.04926289817451,0.8179572994962819,53.23296236683907,45.61945241439723,0.7271253046422929,44.34084297953413,35.55455143023385,0.6776125967120004
49.5,social,neutral,514.279991612774,0.0,62.16993719467752,50.54616308127403,0.7723364382673928,37.23022095491908,58.2356245608114,0.8786553683088646,33.97862168734576,29.68231365254265,0.6912280382694269,19.51588164308181,19.83565074617278,0.596760297599083,58.409984769480936,41.063457570810776,0.8177494534868609,53.429138564064154,45.6243774841935,0.7269824644816497,44.83143192097764,35.56152895170785,0.6774624977462199
50.0,social,neutral,510.8917319724595,0.0,62.13566886266481,50.55281624154036,0.7721643884666153,37.179569468934055,58.210367373679766,0.8785949765232498,33.63808875260384,29.6793204325631,0.6911716655192567,19.121978727202272,19.83348745339956,0.5967577107773141,58.28667733968489,41.078149372324965,0.8175419855549787,53.43002732896313,45.62941041434367,0.7268404831783017,44.7298826386517,35.56888103810821,0.6773125924070496
50.5,social,neutral,519.210167521725,0.0,61.946144786457424,50.559329771052084,0.771994826174558,37.04916756768701,58.18514775328032,0.8785352257962692,33.69697185441842,29.675900374172084,0.6911196950290992,19.122105838041673,19.831281834968248,0.5967552504397409,58.489431520332055,41.09272873787052,0.8173371930078092,53.81322739602981,45.63449053197435,0.7266997268294759,44.918998528017696,35.57638607670337,0.6771637936924904
51.0,social,neutral,526.3658973019349,0.0,61.75828489422142,50.56550634827097,0.771828612482636,36.78508959325104,58.159861703447184,0.8784770990489852,33.46809842555288,29.67249693156788,0.6910681632561951,18.819411326516757,19.829136565115878,0.5967524211731555,58.75032638086717,41.107445063866514,0.8171341149568921,53.727008151836756,45.63976950146579,0.7265592592432115,45.073014823968826,35.58391161875983,0.6770164934750688
51.5,social,neutral,533.6275082180656,0.0,62.02751860905094,50.57179763042011,0.7716637002252557,36.34886806657644,58.134575751314706,0.8784199442940119,33.7802887854487,29.669161198359813,0.6910166068010772,18.798941088790507,19.826993679082886,0.5967493877731198,58.53718079552909,41.122223745597346,0.8169330071375908,53.70465652187105,45.64507282319297,0.7264201382666017,44.7944317607056,35.591503859104996,0.6768705251379825
52.0,social,neutral,557.7191519699247,0.0,62.49733980430684,50.57850307651792,0.7714987518485404,35.88433557723608,58.108688710744794,0.8783695028000857,33.263876652280146,29.665865495943954,0.6909652826072813,18.508104452595724,19.824900637795768,0.5967460312059677,59.19382514509951,41.13700420556667,0.8167340847385701,53.39609599395802,45.65033451073799,0.726282752039515,45.03128402541394,35.5988323098442,0.6767271088574205
52.5,social,neutral,550.8900284465186,0.0,62.044975891783665,50.58535024168855,0.7713349570500971,36.53027605810532,58.08257914824524,0.8783221000466868,33.63212311128428,29.662465851868117,0.6909154414904651,19.074471600164152,19.822478124563318,0.596744801152517,59.846525731169486,41.15241626760548,0.8165350222387548,53.67342788121195,45.655327825245564,0.7261484676619419,44.99987312028998,35.606428506136496,0.6765842632850286
53.0,social,neutral,551.6885740791394,0.0,62.545821221629595,50.592089809164065,0.7711734315588162,36.56385401281792,58.05697345235988,0.8782707458962157,33.332856812842245,29.659101299137674,0.690865862992035,19.286325688329114,19.8201722618536,0.5967432356074637,59.68810310820535,41.16804360911234,0.8163373412081568,53.86151975700756,45.66057573556948,0.7260140594190773,45.06162427890181,35.614020964002606,0.6764429801422295
53.5,social,neutral,554.4133257791336,0.0,62.19023151817313,50.59888097035011,0.7710134131247557,36.52683704411762,58.031371408852664,0.8782202693514402,34.011497836820524,29.655566036088448,0.6908183464796535,19.637020130300407,19.818003702069596,0.5967409027451539,59.801830770099755,41.18358599009664,0.816142108123596,54.20546023259118,45.66595501317962,0.7258802869485317,45.11721859467209,35.62159487372409,0.6763032753222844
54.0,social,content,571.238483885848,0.0,63.226866735069365,50.60558754030925,0.7708555119470948,36.48973585155259,58.005870551017566,0.8781697239387588,33.57304665797904,29.652681839853333,0.6907656200258443,19.178927151189505,19.81617997697003,0.5967364302253052,60.214049012478924,41.19946268660324,0.8159478129532437,54.177048102136865,45.67159321475611,0.7257463860229896,44.96145762177123,35.62913660467218,0.6761651808365802
54.5,social,content,570.6232161680205,0.0,62.98762672698827,50.61319047764206,0.7706954476990572,36.80714639052127,57.98046348360754,0.8781191812136111,33.59778293604745,29.64937627571387,0.69071720331876,18.862600852573625,19.813978540183168,0.5967343686295993,60.31850159407278,41.215648236323595,0.8157545415759669,54.98629414181996,45.6776113778581,0.7256116704371743,45.06871654916523,35.63668096015642,0.6760285971358515
55.0,sad,neutral,629.5704437467692,0.0,60.40023317533474,50.6191914203188,0.7705442196428232,35.51520587007737,57.95467988229669,0.8780731770940138,35.454737933390795,29.647992557876957,0.6906522537759922,14.15922183340495,19.81596073572941,0.5966932210679543,58.933904505704064,41.231381129591306,0.8155649547918542,55.293508492150856,45.684540974149776,0.7254731539342001,44.00693945305656,35.64361498309755,0.675895652335853
55.5,sad,neutral,712.3087303464974,0.0,59.14517143786999,50.6232589576558,0.7704035515674442,33.83330321796841,57.92768456234907,0.8780397217395957,36.20851102378153,29.647916327591986,0.6905764446187442,11.895898560424431,19.817278999956965,0.5966434290178854,58.08138322301735,41.24572585319696,0.8153824451544528,55.58347667473447,45.69181839181197,0.7253341656989699,42.849140095076436,35.64940198910749,0.6757685963201794
56.0,sad,neutral,721.2406604396281,0.0,58.13571441381036,50.62604523205936,0.7702707371945415,33.74558369545289,57.8994382948467,0.8780192020231461,36.358529784747006,29.648275697680177,0.6904975732952137,11.248330720684152,19.81826245415836,0.5965880610403146,56.87447936282197,41.259121832333946,0.8152054951169105,55.6950651574987,45.69926748382562,0.7251956908015654,42.83560052315555,35.65440065804673,0.6756461832796135
56.5,sad,neutral,725.462057801175,0.0,57.15262783667881,50.62786679556597,0.7701443220692471,33.46404751842785,57.870961782987855,0.8780015826005243,36.41493161752653,29.648784789981963,0.6904182021217744,10.767155096701721,19.819033248533806,0.5965325701046372,56.363957136025164,41.27149851961052,0.815034436542079,56.11601089125534,45.706857809949895,0.7250579110143749,42.163837105927584,35.65898241521618,0.6755268248741095
57.0,sad,neutral,747.9687587582379,0.0,56.49777292111638,50.62887437740165,0.7700235928658937,33.35585834307546,57.842368172446854,0.8779857143986793,36.65119512560445,29.649633818837412,0.6903366746821952,10.390157791903622,19.8199622819613,0.5964738981735163,56.16683543253092,41.283414514775174,0.8148670755932957,56.315926905528414,45.71470525644385,0.7249201809851487,42.768456396256596,35.663427878436174,0.6754094049641903
57.5,sad,neutral,756.2051831060057,0.0,55.982424791540446,50.62902860793088,0.7699088608247575,32.75551528458076,57.813564455783784,0.8779725102673557,36.655955164654245,29.650377594109244,0.6902569014927958,10.365020271271746,19.820742149085657,0.5964156314392338,55.80677508040585,41.29519858404804,0.8147020574440248,56.62131610915819,45.72287921546222,0.7247821671078467,42.39097534567947,35.668284249556955,0.6752914659381661
58.0,sad,neutral,752.4301626231722,0.0,55.71181699535095,50.62876353482143,0.7697977265361882,31.91360751280733,57.78423026931506,0.8779651064639128,36.48528853104127,29.651394736235503,0.690175563491575,10.88161579752045,19.821453062019067,0.5963585289328865,55.13104197821926,41.306474962178406,0.8145409051179093,57.05785698814469,45.731210041489646,0.724644770900171,41.43485571903414,35.672540733150676,0.6751773528331263
58.5,sad,neutral,766.3912035676244,0.0,55.909173607968505,50.628305769020876,0.7696889029141181,31.47379597582169,57.754052702605584,0.8779665766426428,36.50174427370047,29.652023610912547,0.6900984698259658,10.505652409354557,19.82225525747415,0.5963033937400055,55.4224840967785,41.31734293115858,0.8143831947307427,56.81628379528832,45.739902204571585,0.7245069310383516,41.386406945834686,35.67608158796035,0.6750676912330228
59.0,sad,neutral,766.2911455068564,0.0,55.22404577915426,50.627793799411364,0.769581612420562,31.210654318417863,57.7236183060753,0.8779710284486273,36.42454950838293,29.652735145961387,0.6900214508688607,10.554020476752328,19.82283784663841,0.5962493475870578,55.48512758978747,41.32844225350667,0.8142262193386435,56.54664369123023,45.74838087595614,0.7243716619554434,41.63193507769025,35.67951707713334,0.6749596884114148
59.5,sad,neutral,791.0658663312984,0.0,54.79438364284524,50.62674107195984,0.7694785905151262,30.388871890854496,57.69305807367748,0.8779771365778151,36.3170382538548,29.65338548062946,0.6899457691145839,10.287116404445985,19.8236939050074,0.596193317071602,55.12011210654105,41.33928189186921,0.8140720245966447,56.130776924920426,45.75648007256705,0.7242398195402908,41.82477698368465,35.68338980970396,0.6748509097206732
60.0,sad,neutral,770.6906291074307,0.0,54.71914630739865,50.62520781655523,0.7693795172040063,30.767162757244645,57.661742356507794,0.8779911646009129,36.56052955382153,29.654033851232413,0.6898708938970478,10.487126531152072,19.824408583293526,0.5961380703026723,54.66639540679602,41.34985489530774,0.8139206133135984,56.31510880089843,45.764456962846694,0.7241100396926319,41.60260232396194,35.687201979418,0.6747435378382706
60.5,sad,neutral,806.0866883996389,0.0,54.97147233591615,50.623668287087064,0.7692815803231637,30.025551615099065,57.6305242234865,0.8780045511450996,36.5433190219706,29.65471141091494,0.6897965295607336,9.966282383411325,19.825296092783066,0.5960825520418656,54.74738832982191,41.36003271318092,0.8137725178960911,55.94311060748215,45.772447157039,0.7239815449087853,42.413943727051446,35.69106867836729,0.6746371263591273
61.0,sad,neutral,769.4387575022173,0.0,54.775285178265385,50.62253267757395,0.7691823714257021,30.459424799171384,57.59888064440522,0.8780225023290853,36.28886639394875,29.655539066074905,0.6897216236514271,10.957000130691995,19.826075027373268,0.5960263537544095,54.07612267459186,41.37013235900437,0.8136263566255897,56.40881258692717,45.78021908511001,0.723855587639944,42.15114648886464,35.695361832887066,0.6745299327534052
61.5,sad,neutral,734.0764014563043,0.0,54.52505416787826,50.621143058571725,0.7690857465152598,30.82046913272074,57.56779028197611,0.8780352169391328,36.605708820075904,29.65621009382596,0.6896488729134086,11.061173393824003,19.826745608311953,0.5959762351234256,53.426109481402534,41.37943502555608,0.8134852525147862,56.59697580008667,45.7885233551941,0.7237281358210815,42.35429140804822,35.699587904304614,0.6744242105825587
62.0,sad,neutral,750.1422823322305,0.0,54.60981648783035,50.61963861074617,0.7689908643814843,30.528743707381924,57.53717486918791,0.878043527027123,37.00356699693188,29.657083027141944,0.6895750974391163,10.745250999822634,19.827621112293077,0.5959250059199471,53.134187570285405,41.388310717542744,0.8133475678428552,56.82337646092777,45.796860894421,0.7236018373601418,41.9996177750011,35.70383575874106,0.6743195114805117
62.5,sad,neutral,764.8713397920787,0.0,54.21989139908762,50.61800373379526,0.768897819797317,30.42786683716571,57.50611101500844,0.8780566843617199,36.54342327410884,29.65815143097549,0.6895003600285615,10.15568847818314,19.828361487907287,0.5958742501063173,52.668302487290894,41.396806870858725,0.8132130859877368,57.51022978045614,45.80543429203905,0.7234756408189997,42.29231038207844,35.70774371065166,0.6742174346013453
63.0,sad,neutral,758.5607448100501,0.0,53.36698558647441,50.615879331350186,0.7688087317022863,30.507214834841935,57.474963747698034,0.8780710021450859,36.13655365221467,29.65877745098702,0.6894302775319495,10.291723823225272,19.82919719705869,0.5958204330551142,51.919676004854175,41.404809496086386,0.8130823236763713,57.50426963203104,45.81463194073457,0.7233475766871488,42.16027792799057,35.712138468071615,0.6741143577520984
63.5,sad,neutral,754.1522466478763,0.0,53.6615205522006,50.61325690872673,0.7687236299636674,30.462848419780652,57.44401406154578,0.8780836629685229,36.65598987734361,29.659288159175805,0.689361945905117,10.547461182491173,19.829968649130695,0.5957683960159578,51.390157953037566,41.41203931887796,0.8129566107062244,58.01770630723541,45.823889633891234,0.7232205636764211,42.55015864908815,35.71654778516841,0.6740123544822322
64.0,sad,neutral,762.3919404190824,0.0,53.51088734682733,50.610716525236406,0.7686390003742846,29.906333158780683,57.413012157060855,0.8780971771713931,36.97901072023383,29.660295147729837,0.6892899688538453,10.318925205595068,19.830756779258646,0.5957178545117231,50.961784620371795,41.418660557062346,0.8128351967567786,57.38456264001496,45.83322246441734,0.7230944892174411,42.81738942734463,35.7211498270743,0.6739105928791461
64.5,sad,neutral,750.133181247464,0.0,54.161091949115345,50.60818734372511,0.7685552480656016,29.888963548972377,57.38165310302529,0.8781145756725776,36.88260475647308,29.66134000854556,0.6892183874317694,10.602669518733862,19.831372677155,0.5956685219325036,50.74200584806352,41.42497986145782,0.8127165725256154,56.91476578592494,45.842151494870556,0.7229717819526752,42.99657027441496,35.72599043685649,0.673808916087443
65.0,recovery,neutral,529.2352904829911,0.0,54.93840262229023,50.6066972335167,0.7684662431342388,30.411307647940497,57.35058885312166,0.8781293124098885,34.68248154540864,29.660658373849184,0.689162762450633,16.191877540955062,19.827668082133837,0.5956665012930219,50.52401884367545,41.431103008802644,0.812600199965153,56.35346143885582,45.850240989344314,0.7228547032995053,41.51210086705744,35.72984899666657,0.6737125658675445
65.5,recovery,neutral,487.2453478945759,0.0,55.774741880159866,50.605757129686566,0.7683750390920949,30.4272775213498,57.319906240756424,0.8781405556646756,34.10992169074856,29.658112350953623,0.6891241972362234,17.91602819688731,19.824951040494216,0.5956747106657755,50.58177397439193,41.4371477976147,0.8124854735064594,55.7474046806246,45.85775494389462,0.722741922242868,39.5961837790967,35.7322749258991,0.6736238586958864
66.0,recovery,neutral,457.35632710646263,0.0,55.92652539797509,50.605518323189095,0.7682808749676481,30.94363155669312,57.28965266808452,0.8781478552003839,33.73559034465148,29.655087202283127,0.6890902871260899,18.495117768358572,19.82241381364713,0.5956844677621598,50.253916755280244,41.44310236636496,0.8123724333919425,55.63891737509215,45.86477057485317,0.722633039947992,37.90226784413469,35.732767281578894,0.6735459520103955
66.5,recovery,neutral,444.535614086572,0.0,56.12919633887193,50.60564809595506,0.7681856993625541,31.019223858185875,57.25995586724864,0.8781499867606894,33.294384646885696,29.651758777878765,0.6890594342874142,18.345653140247748,19.820318562376652,0.5956916137843344,49.971473703039614,41.448795371984104,0.8122619267730826,54.766280679389716,45.871416609724854,0.7225273586844952,37.23144842919395,35.73178218847175,0.6734771606652326
67.0,recovery,neutral,445.6615341827816,0.0,56.52818323905366,50.60595046230104,0.7680906229784756,30.99539357339895,57.230059054164926,0.8781545354030887,33.602696276477836,29.648233331007777,0.6890306691539576,18.4577350595978,19.818112829212463,0.5956993536127522,50.423079654806074,41.45428214730386,0.8121536584620321,54.259008694587486,45.877344277453595,0.7224268572321775,36.65638561229202,35.730176011849466,0.6734128300384778
67.5,recovery,neutral,418.46797386755316,0.0,57.159645922191274,50.60662595963556,0.7679945596327732,31.843163183450518,57.2003527995157,0.8781575823350672,33.492258198370294,29.64512266728707,0.6889986038910794,18.55566179283691,19.815769689665522,0.5957081492293008,49.75070461342623,41.46005362348028,0.8120451147455877,54.02649727115562,45.88273267200636,0.7223305529139941,36.11184828602661,35.7282644022542,0.6733510746740912
68.0,recovery,neutral,409.68218202561536,0.0,56.75782537637358,50.60789720975711,0.7678963606250329,32.12382187053969,57.17149770786551,0.8781525845693894,33.491094688970605,29.641802041500377,0.688968760375748,18.981779512891933,19.81354892832245,0.5957161067961081,50.21019739721261,41.465377294632376,0.811940015858849,53.959974778261206,45.887841473035195,0.7222369176233937,36.31151993513172,35.72574893592155,0.6732938092991474
68.5,recovery,neutral,401.8682568713946,0.0,57.340057421316615,50.60871024486658,0.7678016864429301,32.27981161774071,57.14293248076485,0.8781451960257419,33.757797570339704,29.638648066736412,0.6889378013844255,19.314693723421247,19.81139723744296,0.5957238933618662,49.52730395186205,41.470811000105954,0.8118354854506235,53.79061769502018,45.89296245479855,0.7221441915423122,36.55596398298226,35.723650246098146,0.6732345625916574
69.0,recovery,neutral,398.50106565069706,0.0,57.102509044309954,50.61001978003642,0.767705404151135,32.33100862359654,57.11447284519769,0.8781372655552925,33.473280106389524,29.635506365632583,0.6889071053004359,19.138873643137526,19.809134646440107,0.5957325760437094,49.81592288496257,41.475665453548906,0.8117350607750073,53.74166708773982,45.89796326404934,0.7220531554810696,36.10437588609131,35.72145410419783,0.6731765982942933
69.5,recovery,neutral,386.04114662208804,0.0,57.013121844295966,50.611235636691305,0.7676106695426713,32.81682138601042,57.08622655712111,0.8781277268827751,33.42081074998051,29.63214147156576,0.6888787276268239,18.960649399297765,19.806926959274556,0.5957407338714314,49.94961974600486,41.480902300034515,0.8116337440996583,53.63120073241666,45.902848823852466,0.7219637661546122,36.32672023495508,35.719248194931396,0.6731193518037791
70.0,recovery,neutral,385.0183802609705,0.0,57.7706017373594,50.612505825976385,0.7675166858876751,33.04726854197384,57.05850047581436,0.8781135689627851,33.97402124112633,29.628782032253014,0.6888506393989827,19.162525185140122,19.804780574365086,0.5957482880524606,49.66255536635191,41.48614412364091,0.8115334921914864,53.81112610260205,45.907771399143066,0.7218750940662345,36.094777801470805,35.71679814867273,0.6730642978073735
70.5,recovery,neutral,372.63974774075916,0.0,57.813743876203716,50.614474330636966,0.7674200804502246,33.38689671193975,57.03103685596248,0.8780973831405098,33.760578414208744,29.625731605160727,0.6888201789970897,18.951587315566307,19.802522149312757,0.5957566865104307,49.26968461034265,41.49113812810299,0.8114355937778115,53.79207698878332,45.9126573433063,0.7217875726681431,35.56227234699563,35.71424413121157,0.6730105255537117
71.0,recovery,neutral,374.0282164102698,0.0,57.289660172093,50.616111960116896,0.7673262557873806,33.13290095801526,57.00383075404864,0.8780792413255238,33.4568363856087,29.62256568113033,0.6887910882117252,18.772192767274923,19.80043691212999,0.5957636897287946,48.772806556778654,41.49560621650475,0.8113414959558987,54.246435221563154,45.91770123564466,0.7217000247164342,35.97540965395128,35.71139333975745,0.6729592844975185
71.5,recovery,neutral,363.6092649850471,0.0,57.66482533386623,50.61763541054425,0.7672340448431196,33.74907535468864,56.97661429355678,0.8780617893738972,33.470776682082445,29.619410372689774,0.6887622390475034,18.983457702045037,19.798120426110472,0.5957721116707696,49.56610566570212,41.49981281409162,0.8112497974160597,53.84629289408557,45.923121707210385,0.7216111705710194,36.12072679307885,35.708886393631545,0.6729064085622005
72.0,recovery,neutral,358.52485183189333,0.0,57.5764470681779,50.61933259803956,0.7671419346843388,33.795531833754055,56.949809722951635,0.8780408809533993,33.601541261702,29.616055366507528,0.6887354901276734,19.34691039698878,19.795882863586627,0.5957800859866623,49.7008307221706,41.50466033299389,0.811155717117108,53.38068176041487,45.92797769126326,0.7215265932354382,36.33289604240695,35.70651340933194,0.6728532811574436
72.5,recovery,neutral,370.5000677341946,0.0,58.4640520845536,50.62108173292447,0.7670505593128332,33.56471768275954,56.92300910561359,0.8780205506489535,33.246442250055836,29.612758805759395,0.6887085521817237,19.015057176260303,19.793821053197746,0.5957870287334983,49.70364090855506,41.509663835991184,0.8110618417274286,53.60972449354474,45.93255690616422,0.7214445665553498,36.135150531782884,35.70417128394959,0.6728005658791567
73.0,recovery,neutral,360.7486419701539,0.0,57.84926368006461,50.62348856865037,0.7669568084952559,33.92451301337099,56.896231736198914,0.8780005945162535,34.1503819184689,29.609394351637878,0.6886825240878358,19.34468252744444,19.79162101766514,0.595794661703251,49.9180607083376,41.514710425620855,0.810968753488237,53.577765103525586,45.93722642146595,0.7213628545240727,36.17574276720398,35.70175641287372,0.6727489067669051
73.5,recovery,neutral,376.66410942333755,0.0,57.6519157967217,50.625341112850265,0.7668669145502135,33.32649788542933,56.86973944008088,0.8779784500507006,34.10944722350355,29.606799720504807,0.6886500512368018,19.366201855374964,19.789386917790722,0.595802651285901,50.21431861478372,41.519907772105014,0.8108758917481873,53.8838685118837,45.94213278778281,0.7212805795730709,35.67373459187242,35.699351205927606,0.6726977746484749
74.0,recovery,neutral,371.74557685254337,0.0,57.63134420383047,50.62697689892446,0.7667791266698858,33.56249259963094,56.84258520732337,0.8779634312190926,34.03560814223012,29.604032963812905,0.6886194682160933,19.02459152275977,19.78734418979229,0.5958093132351912,50.154513876909014,41.525249119138564,0.8107832950035634,54.08046112933343,45.947194617039855,0.721198236298848,35.516147375088714,35.696257811915174,0.6726516996102533
74.5,recovery,neutral,373.7744437814397,0.0,57.85714679073764,50.628758103044746,0.7666915397177855,33.41875260754492,56.815714736973156,0.877946179805734,33.505579350629006,29.600911964513482,0.6885923560441777,19.503810647395884,19.7850950195628,0.5958171277686903,50.26285188490125,41.53069268221322,0.8106911707824541,54.03678847552639,45.95239257421771,0.7211159487536893,35.31947549617425,35.69323577265851,0.6726056747528408
